Rk,Player,Squad,Age,Weekly Wages,Annual Wages
1,Cristiano Ronaldo,Manchester Utd,36,£ 515385 (€ 614630 $626306),£ 26800000 (€ 31960734 $32567928)
2,Kevin De Bruyne,Manchester City,30,£ 400000 (€ 477026 $486088),£ 20800000 (€ 24805346 $25276601)
3,David de Gea,Manchester Utd,30,£ 375000 (€ 447212 $455708),£ 19500000 (€ 23255012 $23696813)
4,Jadon Sancho,Manchester Utd,21,£ 350000 (€ 417398 $425327),£ 18200000 (€ 21704678 $22117026)
5,Raphaël Varane,Manchester Utd,28,£ 340000 (€ 405472 $413175),£ 17680000 (€ 21084544 $21485111)
6,Romelu Lukaku,Chelsea,28,£ 325000 (€ 387584 $394947),£ 16900000 (€ 20154343 $20537238)
7,Jack Grealish,Manchester City,25,£ 300000 (€ 357769 $364566),£ 15600000 (€ 18604009 $18957451)
8,Raheem Sterling,Manchester City,26,£ 300000 (€ 357769 $364566),£ 15600000 (€ 18604009 $18957451)
9,Paul Pogba,Manchester Utd,28,£ 290000 (€ 345844 $352414),£ 15080000 (€ 17983876 $18325536)
10,N'Golo Kanté,Chelsea,30,£ 289423 (€ 345156 $351713),£ 15050000 (€ 17948099 $18289079)
11,Timo Werner,Chelsea,25,£ 271923 (€ 324286 $330447),£ 14140000 (€ 16862865 $17183228)
12,Pierre-Emerick Aubameyang,Arsenal,32,£ 250000 (€ 298141 $303805),£ 13000000 (€ 15503341 $15797876)
13,Anthony Martial,Manchester Utd,25,£ 250000 (€ 298141 $303805),£ 13000000 (€ 15503341 $15797876)
14,Edinson Cavani,Manchester Utd,34,£ 250000 (€ 298141 $303805),£ 13000000 (€ 15503341 $15797876)
15,John Stones,Manchester City,27,£ 250000 (€ 298141 $303805),£ 13000000 (€ 15503341 $15797876)
16,Virgil van Dijk,Liverpool,30,£ 220000 (€ 262364 $267349),£ 11440000 (€ 13642940 $13902131)
17,Thomas Partey,Arsenal,28,£ 200000 (€ 238513 $243044),£ 10400000 (€ 12402673 $12638300)
18,Marcus Rashford,Manchester Utd,23,£ 200000 (€ 238513 $243044),£ 10400000 (€ 12402673 $12638300)
19,Harry Kane,Tottenham,28,£ 200000 (€ 238513 $243044),£ 10400000 (€ 12402673 $12638300)
20,Tanguy Ndombele,Tottenham,24,£ 200000 (€ 238513 $243044),£ 10400000 (€ 12402673 $12638300)
21,Mohamed Salah,Liverpool,29,£ 200000 (€ 238513 $243044),£ 10400000 (€ 12402673 $12638300)
22,Thiago Alcántara,Liverpool,30,£ 200000 (€ 238513 $243044),£ 10400000 (€ 12402673 $12638300)
23,Saúl Ñíguez,Chelsea,26,£ 198269 (€ 236449 $240941),£ 10310000 (€ 12295342 $12528931)
24,Son Heung-min,Tottenham,29,£ 192000 (€ 228972 $233322),£ 9984000 (€ 11906566 $12132768)
25,Harry Maguire,Manchester Utd,28,£ 190000 (€ 226587 $230892),£ 9880000 (€ 11782539 $12006385)
26,Ben Chilwell,Chelsea,24,£ 190000 (€ 226587 $230892),£ 9880000 (€ 11782539 $12006385)
27,Alexandre Lacazette,Arsenal,30,£ 182115 (€ 217184 $221310),£ 9470000 (€ 11293588 $11508145)
28,Bruno Fernandes,Manchester Utd,26,£ 180000 (€ 214662 $218740),£ 9360000 (€ 11162406 $11374470)
29,Fabinho,Liverpool,27,£ 180000 (€ 214662 $218740),£ 9360000 (€ 11162406 $11374470)
30,Roberto Firmino,Liverpool,29,£ 180000 (€ 214662 $218740),£ 9360000 (€ 11162406 $11374470)
31,Trent Alexander-Arnold,Liverpool,22,£ 180000 (€ 214662 $218740),£ 9360000 (€ 11162406 $11374470)
32,Cristian Romero,Tottenham,23,£ 165000 (€ 196773 $200512),£ 8580000 (€ 10232205 $10426598)
33,Lucas Digne,Aston Villa,28,£ 163462 (€ 194938 $198642),£ 8500000 (€ 10136800 $10329380)
34,Juan Mata,Manchester Utd,33,£ 160000 (€ 190810 $194435),£ 8320000 (€ 9922138 $10110640)
35,Rúben Dias,Manchester City,24,£ 160000 (€ 190810 $194435),£ 8320000 (€ 9922138 $10110640)
36,Luke Shaw,Manchester Utd,26,£ 150000 (€ 178885 $182283),£ 7800000 (€ 9302005 $9478725)
37,Alisson,Liverpool,28,£ 150000 (€ 178885 $182283),£ 7800000 (€ 9302005 $9478725)
38,César Azpilicueta,Chelsea,31,£ 150000 (€ 178885 $182283),£ 7800000 (€ 9302005 $9478725)
39,Christian Pulisic,Chelsea,22,£ 150000 (€ 178885 $182283),£ 7800000 (€ 9302005 $9478725)
40,Kai Havertz,Chelsea,22,£ 150000 (€ 178885 $182283),£ 7800000 (€ 9302005 $9478725)
41,Kepa Arrizabalaga,Chelsea,26,£ 150000 (€ 178885 $182283),£ 7800000 (€ 9302005 $9478725)
42,Mateo Kovačić,Chelsea,27,£ 150000 (€ 178885 $182283),£ 7800000 (€ 9302005 $9478725)
43,Bernardo Silva,Manchester City,26,£ 150000 (€ 178885 $182283),£ 7800000 (€ 9302005 $9478725)
44,Fernandinho,Manchester City,36,£ 150000 (€ 178885 $182283),£ 7800000 (€ 9302005 $9478725)
45,Kieran Trippier,Newcastle Utd,30,£ 144231 (€ 172005 $175272),£ 7500000 (€ 8944235 $9114159)
46,Nicolas Pépé,Arsenal,26,£ 140000 (€ 166959 $170131),£ 7280000 (€ 8681871 $8846810)
47,James Milner,Liverpool,35,£ 140000 (€ 166959 $170131),£ 7280000 (€ 8681871 $8846810)
48,Jordan Henderson,Liverpool,31,£ 140000 (€ 166959 $170131),£ 7280000 (€ 8681871 $8846810)
49,Jamie Vardy,Leicester City,34,£ 140000 (€ 166959 $170131),£ 7280000 (€ 8681871 $8846810)
50,İlkay Gündoğan,Manchester City,30,£ 140000 (€ 166959 $170131),£ 7280000 (€ 8681871 $8846810)
51,Francisco Trincão,Wolves,21,£ 131154 (€ 156409 $159381),£ 6820000 (€ 8133291 $8287809)
52,Wilfried Zaha,Crystal Palace,28,£ 130000 (€ 155033 $157979),£ 6760000 (€ 8061737 $8214895)
53,Kasper Schmeichel,Leicester City,34,£ 130000 (€ 155033 $157979),£ 6760000 (€ 8061737 $8214895)
54,Philippe Coutinho,Aston Villa,29,£ 125000 (€ 149071 $151903),£ 6500000 (€ 7751671 $7898938)
55,Rodri,Manchester City,25,£ 121154 (€ 144484 $147229),£ 6300000 (€ 7513158 $7655894)
56,Ben White,Arsenal,23,£ 120000 (€ 143108 $145827),£ 6240000 (€ 7441604 $7582980)
57,Donny van de Beek,Manchester Utd,24,£ 120000 (€ 143108 $145827),£ 6240000 (€ 7441604 $7582980)
58,Fred,Manchester Utd,28,£ 120000 (€ 143108 $145827),£ 6240000 (€ 7441604 $7582980)
59,Nemanja Matić,Manchester Utd,32,£ 120000 (€ 143108 $145827),£ 6240000 (€ 7441604 $7582980)
60,Victor Lindelöf,Manchester Utd,27,£ 120000 (€ 143108 $145827),£ 6240000 (€ 7441604 $7582980)
61,Christian Benteke,Crystal Palace,30,£ 120000 (€ 143108 $145827),£ 6240000 (€ 7441604 $7582980)
62,Alphonse Areola,West Ham,28,£ 120000 (€ 143108 $145827),£ 6240000 (€ 7441604 $7582980)
63,Kurt Zouma,West Ham,26,£ 120000 (€ 143108 $145827),£ 6240000 (€ 7441604 $7582980)
64,Alex Oxlade-Chamberlain,Liverpool,27,£ 120000 (€ 143108 $145827),£ 6240000 (€ 7441604 $7582980)
65,Naby Keïta,Liverpool,26,£ 120000 (€ 143108 $145827),£ 6240000 (€ 7441604 $7582980)
66,Danny Ings,Aston Villa,29,£ 120000 (€ 143108 $145827),£ 6240000 (€ 7441604 $7582980)
67,Bruno Guimarães,Newcastle Utd,23,£ 120000 (€ 143108 $145827),£ 6240000 (€ 7441604 $7582980)
68,Callum Hudson-Odoi,Chelsea,20,£ 120000 (€ 143108 $145827),£ 6240000 (€ 7441604 $7582980)
69,Malang Sarr,Chelsea,22,£ 120000 (€ 143108 $145827),£ 6240000 (€ 7441604 $7582980)
70,Yerry Mina,Everton,26,£ 120000 (€ 143108 $145827),£ 6240000 (€ 7441604 $7582980)
71,Aymeric Laporte,Manchester City,27,£ 120000 (€ 143108 $145827),£ 6240000 (€ 7441604 $7582980)
72,Riyad Mahrez,Manchester City,30,£ 120000 (€ 143108 $145827),£ 6240000 (€ 7441604 $7582980)
73,Andriy Yarmolenko,West Ham,31,£ 115000 (€ 137145 $139750),£ 5980000 (€ 7131537 $7267023)
74,André Gomes,Everton,28,£ 112308 (€ 133934 $136479),£ 5840000 (€ 6964578 $7096892)
75,Kieran Tierney,Arsenal,24,£ 110000 (€ 131182 $133674),£ 5720000 (€ 6821470 $6951065)
76,Dejan Kulusevski,Tottenham,21,£ 110000 (€ 131182 $133674),£ 5720000 (€ 6821470 $6951065)
77,James Maddison,Leicester City,24,£ 110000 (€ 131182 $133674),£ 5720000 (€ 6821470 $6951065)
78,Jorginho,Chelsea,29,£ 110000 (€ 131182 $133674),£ 5720000 (€ 6821470 $6951065)
79,Thiago Silva,Chelsea,36,£ 110000 (€ 131182 $133674),£ 5720000 (€ 6821470 $6951065)
80,Kyle Walker,Manchester City,31,£ 110000 (€ 131182 $133674),£ 5720000 (€ 6821470 $6951065)
81,Pierre Højbjerg,Tottenham,25,£ 101923 (€ 121550 $123859),£ 5300000 (€ 6320593 $6440672)
82,Bernd Leno,Arsenal,29,£ 100000 (€ 119256 $121522),£ 5200000 (€ 6201336 $6319150)
83,Granit Xhaka,Arsenal,28,£ 100000 (€ 119256 $121522),£ 5200000 (€ 6201336 $6319150)
84,Sead Kolašinac,Arsenal,28,£ 100000 (€ 119256 $121522),£ 5200000 (€ 6201336 $6319150)
85,Dean Henderson,Manchester Utd,24,£ 100000 (€ 119256 $121522),£ 5200000 (€ 6201336 $6319150)
86,Dele Alli,Tottenham,25,£ 100000 (€ 119256 $121522),£ 5200000 (€ 6201336 $6319150)
87,Hugo Lloris,Tottenham,34,£ 100000 (€ 119256 $121522),£ 5200000 (€ 6201336 $6319150)
88,Joël Matip,Liverpool,29,£ 100000 (€ 119256 $121522),£ 5200000 (€ 6201336 $6319150)
89,Sadio Mané,Liverpool,29,£ 100000 (€ 119256 $121522),£ 5200000 (€ 6201336 $6319150)
90,João Moutinho,Wolves,34,£ 100000 (€ 119256 $121522),£ 5200000 (€ 6201336 $6319150)
91,Antonio Rüdiger,Chelsea,28,£ 100000 (€ 119256 $121522),£ 5200000 (€ 6201336 $6319150)
92,Hakim Ziyech,Chelsea,28,£ 100000 (€ 119256 $121522),£ 5200000 (€ 6201336 $6319150)
93,Marcos Alonso,Chelsea,30,£ 100000 (€ 119256 $121522),£ 5200000 (€ 6201336 $6319150)
94,Gylfi Sigurðsson,Everton,32,£ 100000 (€ 119256 $121522),£ 5200000 (€ 6201336 $6319150)
95,Jordan Pickford,Everton,27,£ 100000 (€ 119256 $121522),£ 5200000 (€ 6201336 $6319150)
96,Jarrod Bowen,West Ham,24,£ 96154 (€ 114670 $116848),£ 5000000 (€ 5962824 $6076106)
97,Ross Barkley,Chelsea,27,£ 96154 (€ 114670 $116848),£ 5000000 (€ 5962824 $6076106)
98,Alex Telles,Manchester Utd,28,£ 93077 (€ 111000 $113109),£ 4840000 (€ 5772013 $5881671)
99,Nathan Aké,Manchester City,26,£ 92308 (€ 110083 $112174),£ 4800000 (€ 5724311 $5833062)
100,Adam Lallana,Brighton,33,£ 90385 (€ 107790 $109837),£ 4700000 (€ 5605054 $5711540)
101,Martinelli,Arsenal,20,£ 90000 (€ 107331 $109370),£ 4680000 (€ 5581203 $5687235)
102,Aaron Wan-Bissaka,Manchester Utd,23,£ 90000 (€ 107331 $109370),£ 4680000 (€ 5581203 $5687235)
103,Diogo Jota,Liverpool,24,£ 90000 (€ 107331 $109370),£ 4680000 (€ 5581203 $5687235)
104,Leander Dendoncker,Wolves,26,£ 90000 (€ 107331 $109370),£ 4680000 (€ 5581203 $5687235)
105,Richarlison,Everton,24,£ 90000 (€ 107331 $109370),£ 4680000 (€ 5581203 $5687235)
106,Benjamin Mendy,Manchester City,27,£ 90000 (€ 107331 $109370),£ 4680000 (€ 5581203 $5687235)
107,Gabriel Jesus,Manchester City,24,£ 90000 (€ 107331 $109370),£ 4680000 (€ 5581203 $5687235)
108,Mason Mount,Chelsea,22,£ 88462 (€ 105496 $107500),£ 4600000 (€ 5485798 $5590018)
109,Pablo Marí,Arsenal,27,£ 85000 (€ 101368 $103294),£ 4420000 (€ 5271136 $5371278)
110,Leon Bailey,Aston Villa,23,£ 85000 (€ 101368 $103294),£ 4420000 (€ 5271136 $5371278)
111,Nathaniel Clyne,Crystal Palace,30,£ 80769 (€ 96323 $98152),£ 4200000 (€ 5008772 $5103929)
112,Eric Bailly,Manchester Utd,27,£ 80000 (€ 95405 $97218),£ 4160000 (€ 4961069 $5055320)
113,Moussa Sissoko,Watford,31,£ 80000 (€ 95405 $97218),£ 4160000 (€ 4961069 $5055320)
114,Bryan,Tottenham,20,£ 80000 (€ 95405 $97218),£ 4160000 (€ 4961069 $5055320)
115,Lucas Moura,Tottenham,28,£ 80000 (€ 95405 $97218),£ 4160000 (€ 4961069 $5055320)
116,Odsonne Édouard,Crystal Palace,23,£ 80000 (€ 95405 $97218),£ 4160000 (€ 4961069 $5055320)
117,Tyrone Mings,Aston Villa,28,£ 80000 (€ 95405 $97218),£ 4160000 (€ 4961069 $5055320)
118,Fábio Silva,Wolves,19,£ 80000 (€ 95405 $97218),£ 4160000 (€ 4961069 $5055320)
119,Boubakary Soumaré,Leicester City,22,£ 80000 (€ 95405 $97218),£ 4160000 (€ 4961069 $5055320)
120,Jonny Evans,Leicester City,33,£ 80000 (€ 95405 $97218),£ 4160000 (€ 4961069 $5055320)
121,Patson Daka,Leicester City,22,£ 80000 (€ 95405 $97218),£ 4160000 (€ 4961069 $5055320)
122,Ryan Bertrand,Leicester City,31,£ 80000 (€ 95405 $97218),£ 4160000 (€ 4961069 $5055320)
123,Joelinton,Newcastle Utd,24,£ 80000 (€ 95405 $97218),£ 4160000 (€ 4961069 $5055320)
124,Andreas Christensen,Chelsea,25,£ 80000 (€ 95405 $97218),£ 4160000 (€ 4961069 $5055320)
125,Fabian Delph,Everton,31,£ 80000 (€ 95405 $97218),£ 4160000 (€ 4961069 $5055320)
126,João Cancelo,Manchester City,27,£ 80000 (€ 95405 $97218),£ 4160000 (€ 4961069 $5055320)
127,Martin Ødegaard,Arsenal,22,£ 79038 (€ 94258 $96049),£ 4110000 (€ 4901441 $4994559)
128,Bertrand Traoré,Aston Villa,25,£ 77885 (€ 92882 $94647),£ 4050000 (€ 4829887 $4921646)
129,Vicente Guaita,Crystal Palace,34,£ 76923 (€ 91736 $93479),£ 4000000 (€ 4770259 $4860885)
130,Nélson Semedo,Wolves,27,£ 76923 (€ 91736 $93479),£ 4000000 (€ 4770259 $4860885)
131,Ben Godfrey,Everton,23,£ 76923 (€ 91736 $93479),£ 4000000 (€ 4770259 $4860885)
132,Cédric Soares,Arsenal,29,£ 75000 (€ 89442 $91142),£ 3900000 (€ 4651002 $4739363)
133,Jesse Lingard,Manchester Utd,28,£ 75000 (€ 89442 $91142),£ 3900000 (€ 4651002 $4739363)
134,Mason Greenwood,Manchester Utd,19,£ 75000 (€ 89442 $91142),£ 3900000 (€ 4651002 $4739363)
135,Phil Jones,Manchester Utd,29,£ 75000 (€ 89442 $91142),£ 3900000 (€ 4651002 $4739363)
136,Theo Walcott,Southampton,32,£ 75000 (€ 89442 $91142),£ 3900000 (€ 4651002 $4739363)
137,Rodrigo Bentancur,Tottenham,24,£ 75000 (€ 89442 $91142),£ 3900000 (€ 4651002 $4739363)
138,Steven Bergwijn,Tottenham,23,£ 75000 (€ 89442 $91142),£ 3900000 (€ 4651002 $4739363)
139,Joe Gomez,Liverpool,24,£ 75000 (€ 89442 $91142),£ 3900000 (€ 4651002 $4739363)
140,Takumi Minamino,Liverpool,26,£ 75000 (€ 89442 $91142),£ 3900000 (€ 4651002 $4739363)
141,Emi Buendía,Aston Villa,24,£ 75000 (€ 89442 $91142),£ 3900000 (€ 4651002 $4739363)
142,Ollie Watkins,Aston Villa,25,£ 75000 (€ 89442 $91142),£ 3900000 (€ 4651002 $4739363)
143,Jannik Vestergaard,Leicester City,28,£ 75000 (€ 89442 $91142),£ 3900000 (€ 4651002 $4739363)
144,Wilfred Ndidi,Leicester City,24,£ 75000 (€ 89442 $91142),£ 3900000 (€ 4651002 $4739363)
145,Abdoulaye Doucouré,Everton,28,£ 75000 (€ 89442 $91142),£ 3900000 (€ 4651002 $4739363)
146,Jean-Philippe Gbamin,Everton,25,£ 75000 (€ 89442 $91142),£ 3900000 (€ 4651002 $4739363)
147,Eric Dier,Tottenham,27,£ 72308 (€ 86232 $87870),£ 3760000 (€ 4484043 $4569232)
148,Fraser Forster,Southampton,33,£ 70000 (€ 83480 $85065),£ 3640000 (€ 4340936 $4423405)
149,Giovani Lo Celso,Tottenham,25,£ 70000 (€ 83480 $85065),£ 3640000 (€ 4340936 $4423405)
150,Joachim Andersen,Crystal Palace,25,£ 70000 (€ 83480 $85065),£ 3640000 (€ 4340936 $4423405)
151,Angelo Ogbonna,West Ham,33,£ 70000 (€ 83480 $85065),£ 3640000 (€ 4340936 $4423405)
152,Manuel Lanzini,West Ham,28,£ 70000 (€ 83480 $85065),£ 3640000 (€ 4340936 $4423405)
153,Michail Antonio,West Ham,31,£ 70000 (€ 83480 $85065),£ 3640000 (€ 4340936 $4423405)
154,Nikola Vlašić,West Ham,23,£ 70000 (€ 83480 $85065),£ 3640000 (€ 4340936 $4423405)
155,Winston Reid,West Ham,33,£ 70000 (€ 83480 $85065),£ 3640000 (€ 4340936 $4423405)
156,Ibrahima Konaté,Liverpool,22,£ 70000 (€ 83480 $85065),£ 3640000 (€ 4340936 $4423405)
157,Ricardo Pereira,Leicester City,27,£ 70000 (€ 83480 $85065),£ 3640000 (€ 4340936 $4423405)
158,Jonjo Shelvey,Newcastle Utd,29,£ 70000 (€ 83480 $85065),£ 3640000 (€ 4340936 $4423405)
159,Allan,Everton,30,£ 70000 (€ 83480 $85065),£ 3640000 (€ 4340936 $4423405)
160,Séamus Coleman,Everton,32,£ 70000 (€ 83480 $85065),£ 3640000 (€ 4340936 $4423405)
161,Pablo Fornals,West Ham,25,£ 67308 (€ 80269 $81794),£ 3500000 (€ 4173976 $4253274)
162,Tomáš Souček,West Ham,26,£ 67308 (€ 80269 $81794),£ 3500000 (€ 4173976 $4253274)
163,Issa Diop,West Ham,24,£ 66923 (€ 79810 $81326),£ 3480000 (€ 4150125 $4228970)
164,Matt Doherty,Tottenham,29,£ 65385 (€ 77975 $79457),£ 3400000 (€ 4054720 $4131752)
165,Brandon Williams,Norwich City,20,£ 65000 (€ 77517 $78989),£ 3380000 (€ 4030869 $4107448)
166,Oriol Romeu,Southampton,29,£ 65000 (€ 77517 $78989),£ 3380000 (€ 4030869 $4107448)
167,Davinson Sánchez,Tottenham,25,£ 65000 (€ 77517 $78989),£ 3380000 (€ 4030869 $4107448)
168,Cheikhou Kouyaté,Crystal Palace,31,£ 65000 (€ 77517 $78989),£ 3380000 (€ 4030869 $4107448)
169,Łukasz Fabiański,West Ham,36,£ 65000 (€ 77517 $78989),£ 3380000 (€ 4030869 $4107448)
170,Matty Cash,Aston Villa,23,£ 65000 (€ 77517 $78989),£ 3380000 (€ 4030869 $4107448)
171,Michael Keane,Everton,28,£ 65000 (€ 77517 $78989),£ 3380000 (€ 4030869 $4107448)
172,Ederson,Manchester City,27,£ 65000 (€ 77517 $78989),£ 3380000 (€ 4030869 $4107448)
173,Nathaniel Phillips,Liverpool,24,£ 64615 (€ 77058 $78522),£ 3360000 (€ 4007017 $4083143)
174,Raphinha,Leeds United,24,£ 63500 (€ 75728 $77167),£ 3302000 (€ 3937849 $4012660)
175,Ismaila Sarr,Watford,23,£ 63077 (€ 75223 $76652),£ 3280000 (€ 3911612 $3985926)
176,Timothy Castagne,Leicester City,25,£ 63000 (€ 75132 $76559),£ 3276000 (€ 3906842 $3981065)
177,Aaron Ramsdale,Arsenal,23,£ 61923 (€ 73847 $75250),£ 3220000 (€ 3840058 $3913012)
178,Scott McTominay,Manchester Utd,24,£ 60000 (€ 71554 $72913),£ 3120000 (€ 3720802 $3791490)
179,Danny Rose,Watford,31,£ 60000 (€ 71554 $72913),£ 3120000 (€ 3720802 $3791490)
180,Mohamed Elyounoussi,Southampton,26,£ 60000 (€ 71554 $72913),£ 3120000 (€ 3720802 $3791490)
181,Nathan Redmond,Southampton,27,£ 60000 (€ 71554 $72913),£ 3120000 (€ 3720802 $3791490)
182,Shane Long,Southampton,34,£ 60000 (€ 71554 $72913),£ 3120000 (€ 3720802 $3791490)
183,Ben Davies,Tottenham,28,£ 60000 (€ 71554 $72913),£ 3120000 (€ 3720802 $3791490)
184,Divock Origi,Liverpool,26,£ 60000 (€ 71554 $72913),£ 3120000 (€ 3720802 $3791490)
185,Kostas Tsimikas,Liverpool,25,£ 60000 (€ 71554 $72913),£ 3120000 (€ 3720802 $3791490)
186,Daniel Podence,Wolves,25,£ 60000 (€ 71554 $72913),£ 3120000 (€ 3720802 $3791490)
187,Kelechi Iheanacho,Leicester City,24,£ 60000 (€ 71554 $72913),£ 3120000 (€ 3720802 $3791490)
188,Ruben Loftus-Cheek,Chelsea,25,£ 60000 (€ 71554 $72913),£ 3120000 (€ 3720802 $3791490)
189,Cenk Tosun,Everton,30,£ 60000 (€ 71554 $72913),£ 3120000 (€ 3720802 $3791490)
190,Adrián,Liverpool,34,£ 58077 (€ 69260 $70576),£ 3020000 (€ 3601545 $3669968)
191,Reece James,Chelsea,21,£ 58077 (€ 69260 $70576),£ 3020000 (€ 3601545 $3669968)
192,Ryan Sessegnon,Tottenham,21,£ 57692 (€ 68802 $70109),£ 3000000 (€ 3577694 $3645664)
193,Rodrigo,Leeds United,30,£ 57692 (€ 68802 $70109),£ 3000000 (€ 3577694 $3645664)
194,Emil Krafth,Newcastle Utd,26,£ 57692 (€ 68802 $70109),£ 3000000 (€ 3577694 $3645664)
195,Luis Díaz,Liverpool,24,£ 56000 (€ 66784 $68052),£ 2912000 (€ 3472748 $3538724)
196,Takehiro Tomiyasu,Arsenal,22,£ 55962 (€ 66738 $68006),£ 2910000 (€ 3470363 $3536294)
197,Jeffrey Schlupp,Crystal Palace,28,£ 55962 (€ 66738 $68006),£ 2910000 (€ 3470363 $3536294)
198,Ibrahima Diallo,Southampton,22,£ 55000 (€ 65591 $66837),£ 2860000 (€ 3410735 $3475533)
199,Moussa Djenepo,Southampton,23,£ 55000 (€ 65591 $66837),£ 2860000 (€ 3410735 $3475533)
200,Jaïro Riedewald,Crystal Palace,24,£ 55000 (€ 65591 $66837),£ 2860000 (€ 3410735 $3475533)
201,James McArthur,Crystal Palace,33,£ 55000 (€ 65591 $66837),£ 2860000 (€ 3410735 $3475533)
202,Luka Milivojević,Crystal Palace,30,£ 55000 (€ 65591 $66837),£ 2860000 (€ 3410735 $3475533)
203,Junior Firpo,Leeds United,24,£ 55000 (€ 65591 $66837),£ 2860000 (€ 3410735 $3475533)
204,Ben Mee,Burnley,31,£ 55000 (€ 65591 $66837),£ 2860000 (€ 3410735 $3475533)
205,Nampalys Mendy,Leicester City,29,£ 55000 (€ 65591 $66837),£ 2860000 (€ 3410735 $3475533)
206,Danny Welbeck,Brighton,30,£ 55000 (€ 65591 $66837),£ 2860000 (€ 3410735 $3475533)
207,Jean-Philippe Mateta,Crystal Palace,24,£ 53462 (€ 63756 $64968),£ 2780000 (€ 3315330 $3378315)
208,Sergio Reguilón,Tottenham,24,£ 53000 (€ 63206 $64407),£ 2756000 (€ 3286708 $3349150)
209,Trézéguet,Aston Villa,26,£ 52500 (€ 62610 $63799),£ 2730000 (€ 3255702 $3317554)
210,Albert Sambi Lokonga,Arsenal,21,£ 51923 (€ 61922 $63098),£ 2700000 (€ 3219925 $3281097)
211,Edouard Mendy,Chelsea,29,£ 51923 (€ 61922 $63098),£ 2700000 (€ 3219925 $3281097)
212,Calum Chambers,Arsenal,26,£ 50000 (€ 59628 $60761),£ 2600000 (€ 3100668 $3159575)
213,Gabriel Dos Santos,Arsenal,23,£ 50000 (€ 59628 $60761),£ 2600000 (€ 3100668 $3159575)
214,Mohamed Elneny,Arsenal,29,£ 50000 (€ 59628 $60761),£ 2600000 (€ 3100668 $3159575)
215,Joshua King,Watford,29,£ 50000 (€ 59628 $60761),£ 2600000 (€ 3100668 $3159575)
216,Tom Cleverley,Watford,31,£ 50000 (€ 59628 $60761),£ 2600000 (€ 3100668 $3159575)
217,Adam Armstrong,Southampton,24,£ 50000 (€ 59628 $60761),£ 2600000 (€ 3100668 $3159575)
218,Alex McCarthy,Southampton,31,£ 50000 (€ 59628 $60761),£ 2600000 (€ 3100668 $3159575)
219,Lyanco,Southampton,24,£ 50000 (€ 59628 $60761),£ 2600000 (€ 3100668 $3159575)
220,Stuart Armstrong,Southampton,29,£ 50000 (€ 59628 $60761),£ 2600000 (€ 3100668 $3159575)
221,Harry Winks,Tottenham,25,£ 50000 (€ 59628 $60761),£ 2600000 (€ 3100668 $3159575)
222,James Tomkins,Crystal Palace,32,£ 50000 (€ 59628 $60761),£ 2600000 (€ 3100668 $3159575)
223,Daniel James,Leeds United,23,£ 50000 (€ 59628 $60761),£ 2600000 (€ 3100668 $3159575)
224,Aaron Cresswell,West Ham,31,£ 50000 (€ 59628 $60761),£ 2600000 (€ 3100668 $3159575)
225,Mark Noble,West Ham,34,£ 50000 (€ 59628 $60761),£ 2600000 (€ 3100668 $3159575)
226,Andrew Robertson,Liverpool,27,£ 50000 (€ 59628 $60761),£ 2600000 (€ 3100668 $3159575)
227,Axel Tuanzebe,Aston Villa,23,£ 50000 (€ 59628 $60761),£ 2600000 (€ 3100668 $3159575)
228,Pedro Neto,Wolves,21,£ 50000 (€ 59628 $60761),£ 2600000 (€ 3100668 $3159575)
229,Rúben Neves,Wolves,24,£ 50000 (€ 59628 $60761),£ 2600000 (€ 3100668 $3159575)
230,Willy Boly,Wolves,30,£ 50000 (€ 59628 $60761),£ 2600000 (€ 3100668 $3159575)
231,Chris Wood,Burnley,29,£ 50000 (€ 59628 $60761),£ 2600000 (€ 3100668 $3159575)
232,James Tarkowski,Burnley,28,£ 50000 (€ 59628 $60761),£ 2600000 (€ 3100668 $3159575)
233,Neal Maupay,Brighton,24,£ 50000 (€ 59628 $60761),£ 2600000 (€ 3100668 $3159575)
234,Pascal Groß,Brighton,30,£ 50000 (€ 59628 $60761),£ 2600000 (€ 3100668 $3159575)
235,Alex Iwobi,Everton,25,£ 50000 (€ 59628 $60761),£ 2600000 (€ 3100668 $3159575)
236,Ashley Young,Aston Villa,36,£ 49423 (€ 58940 $60060),£ 2570000 (€ 3064891 $3123118)
237,Ademola Lookman,Leicester City,23,£ 49038 (€ 58482 $59593),£ 2550000 (€ 3041040 $3098814)
238,Morgan Sanson,Aston Villa,26,£ 48077 (€ 57335 $58424),£ 2500000 (€ 2981412 $3038053)
239,Erik Pieters,Burnley,32,£ 48077 (€ 57335 $58424),£ 2500000 (€ 2981412 $3038053)
240,Jack Stephens,Southampton,27,£ 47885 (€ 57106 $58190),£ 2490000 (€ 2969486 $3025901)
241,Emiliano Martínez,Aston Villa,28,£ 47500 (€ 56647 $57723),£ 2470000 (€ 2945635 $3001596)
242,Federico Fernández,Newcastle Utd,32,£ 47308 (€ 56417 $57489),£ 2460000 (€ 2933709 $2989444)
243,Robin Koch,Leeds United,25,£ 46154 (€ 55041 $56087),£ 2400000 (€ 2862155 $2916531)
244,Callum Wilson,Newcastle Utd,29,£ 46154 (€ 55041 $56087),£ 2400000 (€ 2862155 $2916531)
245,Ferrán Torres,Manchester City,21,£ 46154 (€ 55041 $56087),£ 2400000 (€ 2862155 $2916531)
246,Zack Steffen,Manchester City,26,£ 46000 (€ 54858 $55900),£ 2392000 (€ 2852615 $2906809)
247,Eddie Nketiah,Arsenal,22,£ 45000 (€ 53665 $54685),£ 2340000 (€ 2790601 $2843618)
248,Imran Louza,Watford,22,£ 45000 (€ 53665 $54685),£ 2340000 (€ 2790601 $2843618)
249,James Ward-Prowse,Southampton,26,£ 45000 (€ 53665 $54685),£ 2340000 (€ 2790601 $2843618)
250,Jack Butland,Crystal Palace,28,£ 45000 (€ 53665 $54685),£ 2340000 (€ 2790601 $2843618)
251,Keinan Davis,Aston Villa,23,£ 45000 (€ 53665 $54685),£ 2340000 (€ 2790601 $2843618)
252,Maxwel Cornet,Burnley,24,£ 45000 (€ 53665 $54685),£ 2340000 (€ 2790601 $2843618)
253,Ayoze Pérez,Leicester City,28,£ 45000 (€ 53665 $54685),£ 2340000 (€ 2790601 $2843618)
254,Çağlar Söyüncü,Leicester City,25,£ 45000 (€ 53665 $54685),£ 2340000 (€ 2790601 $2843618)
255,Marc Albrighton,Leicester City,31,£ 45000 (€ 53665 $54685),£ 2340000 (€ 2790601 $2843618)
256,Matt Ritchie,Newcastle Utd,31,£ 45000 (€ 53665 $54685),£ 2340000 (€ 2790601 $2843618)
257,Jürgen Locadia,Brighton,27,£ 45000 (€ 53665 $54685),£ 2340000 (€ 2790601 $2843618)
258,Lewis Dunk,Brighton,29,£ 45000 (€ 53665 $54685),£ 2340000 (€ 2790601 $2843618)
259,Andros Townsend,Everton,30,£ 45000 (€ 53665 $54685),£ 2340000 (€ 2790601 $2843618)
260,Salomón Rondón,Everton,31,£ 45000 (€ 53665 $54685),£ 2340000 (€ 2790601 $2843618)
261,Billy Gilmour,Norwich City,20,£ 43269 (€ 51601 $52582),£ 2250000 (€ 2683271 $2734248)
262,Lewis Baker,Chelsea,26,£ 43269 (€ 51601 $52582),£ 2250000 (€ 2683271 $2734248)
263,Adama Traoré,Wolves,25,£ 43077 (€ 51372 $52348),£ 2240000 (€ 2671345 $2722095)
264,Marc Cucurella,Brighton,23,£ 42885 (€ 51143 $52114),£ 2230000 (€ 2659419 $2709943)
265,Craig Dawson,West Ham,31,£ 42500 (€ 50684 $51647),£ 2210000 (€ 2635568 $2685639)
266,Leandro Trossard,Brighton,26,£ 42500 (€ 50684 $51647),£ 2210000 (€ 2635568 $2685639)
267,Marc Guéhi,Crystal Palace,21,£ 42308 (€ 50455 $51413),£ 2200000 (€ 2623642 $2673487)
268,Miguel Almirón,Newcastle Utd,27,£ 42308 (€ 50455 $51413),£ 2200000 (€ 2623642 $2673487)
269,Tom Heaton,Manchester Utd,35,£ 41923 (€ 49996 $50946),£ 2180000 (€ 2599791 $2649182)
270,Emerson,Tottenham,22,£ 41731 (€ 49767 $50712),£ 2170000 (€ 2587865 $2637030)
271,Raúl Jiménez,Wolves,30,£ 41154 (€ 49079 $50011),£ 2140000 (€ 2552088 $2600573)
272,Ki-Jana Hoever,Wolves,19,£ 40385 (€ 48161 $49076),£ 2100000 (€ 2504386 $2551965)
273,Rob Holding,Arsenal,25,£ 40000 (€ 47703 $48609),£ 2080000 (€ 2480535 $2527660)
274,Ben Gibson,Norwich City,28,£ 40000 (€ 47703 $48609),£ 2080000 (€ 2480535 $2527660)
275,Milot Rashica,Norwich City,25,£ 40000 (€ 47703 $48609),£ 2080000 (€ 2480535 $2527660)
276,Romain Perraud,Southampton,23,£ 40000 (€ 47703 $48609),£ 2080000 (€ 2480535 $2527660)
277,Will Hughes,Crystal Palace,26,£ 40000 (€ 47703 $48609),£ 2080000 (€ 2480535 $2527660)
278,Arthur Masuaku,West Ham,27,£ 40000 (€ 47703 $48609),£ 2080000 (€ 2480535 $2527660)
279,Ryan Fredericks,West Ham,28,£ 40000 (€ 47703 $48609),£ 2080000 (€ 2480535 $2527660)
280,José Sá,Wolves,28,£ 40000 (€ 47703 $48609),£ 2080000 (€ 2480535 $2527660)
281,Ashley Barnes,Burnley,31,£ 40000 (€ 47703 $48609),£ 2080000 (€ 2480535 $2527660)
282,Josh Brownhill,Burnley,25,£ 40000 (€ 47703 $48609),£ 2080000 (€ 2480535 $2527660)
283,Dwight Gayle,Newcastle Utd,30,£ 40000 (€ 47703 $48609),£ 2080000 (€ 2480535 $2527660)
284,Fabian Schär,Newcastle Utd,29,£ 40000 (€ 47703 $48609),£ 2080000 (€ 2480535 $2527660)
285,Jamaal Lascelles,Newcastle Utd,27,£ 40000 (€ 47703 $48609),£ 2080000 (€ 2480535 $2527660)
286,Charly Musonda Jr.,Chelsea,25,£ 40000 (€ 47703 $48609),£ 2080000 (€ 2480535 $2527660)
287,Shane Duffy,Brighton,29,£ 40000 (€ 47703 $48609),£ 2080000 (€ 2480535 $2527660)
288,Asmir Begović,Everton,34,£ 40000 (€ 47703 $48609),£ 2080000 (€ 2480535 $2527660)
289,Demarai Gray,Everton,25,£ 40000 (€ 47703 $48609),£ 2080000 (€ 2480535 $2527660)
290,Oskar Buur,Wolves,23,£ 38462 (€ 45868 $46739),£ 2000000 (€ 2385129 $2430442)
291,Allan Saint-Maximin,Newcastle Utd,24,£ 38462 (€ 45868 $46739),£ 2000000 (€ 2385129 $2430442)
292,Jamal Lewis,Newcastle Utd,23,£ 38462 (€ 45868 $46739),£ 2000000 (€ 2385129 $2430442)
293,Joël Veltman,Brighton,29,£ 38462 (€ 45868 $46739),£ 2000000 (€ 2385129 $2430442)
294,Jack Cork,Burnley,32,£ 38077 (€ 45409 $46272),£ 1980000 (€ 2361278 $2406138)
295,Martin Dúbravka,Newcastle Utd,32,£ 38077 (€ 45409 $46272),£ 1980000 (€ 2361278 $2406138)
296,Adam Webster,Brighton,26,£ 38077 (€ 45409 $46272),£ 1980000 (€ 2361278 $2406138)
297,Darren Randolph,West Ham,34,£ 37500 (€ 44721 $45571),£ 1950000 (€ 2325501 $2369681)
298,Dale Stephens,Burnley,32,£ 37500 (€ 44721 $45571),£ 1950000 (€ 2325501 $2369681)
299,Jonny Castro,Wolves,27,£ 36673 (€ 43735 $44566),£ 1907000 (€ 2274221 $2317427)
300,Juraj Kucka,Watford,34,£ 36346 (€ 43345 $44169),£ 1890000 (€ 2253947 $2296768)
301,Ashley Westwood,Burnley,31,£ 36000 (€ 42932 $43748),£ 1872000 (€ 2232481 $2274894)
302,Ainsley Maitland-Niles,Arsenal,23,£ 35000 (€ 41740 $42533),£ 1820000 (€ 2170468 $2211703)
303,Pierre Lees-Melou,Norwich City,28,£ 35000 (€ 41740 $42533),£ 1820000 (€ 2170468 $2211703)
304,Dan Gosling,Watford,31,£ 35000 (€ 41740 $42533),£ 1820000 (€ 2170468 $2211703)
305,Joel Ward,Crystal Palace,31,£ 35000 (€ 41740 $42533),£ 1820000 (€ 2170468 $2211703)
306,Michael Olise,Crystal Palace,19,£ 35000 (€ 41740 $42533),£ 1820000 (€ 2170468 $2211703)
307,Patrick Bamford,Leeds United,27,£ 35000 (€ 41740 $42533),£ 1820000 (€ 2170468 $2211703)
308,Vladimír Coufal,West Ham,28,£ 35000 (€ 41740 $42533),£ 1820000 (€ 2170468 $2211703)
309,Matt Targett,Aston Villa,25,£ 35000 (€ 41740 $42533),£ 1820000 (€ 2170468 $2211703)
310,Fernando Marçal,Wolves,32,£ 35000 (€ 41740 $42533),£ 1820000 (€ 2170468 $2211703)
311,Connor Roberts,Burnley,25,£ 35000 (€ 41740 $42533),£ 1820000 (€ 2170468 $2211703)
312,Jay Rodriguez,Burnley,32,£ 35000 (€ 41740 $42533),£ 1820000 (€ 2170468 $2211703)
313,Matěj Vydra,Burnley,29,£ 35000 (€ 41740 $42533),£ 1820000 (€ 2170468 $2211703)
314,Nick Pope,Burnley,29,£ 35000 (€ 41740 $42533),£ 1820000 (€ 2170468 $2211703)
315,Ciaran Clark,Newcastle Utd,31,£ 35000 (€ 41740 $42533),£ 1820000 (€ 2170468 $2211703)
316,Javier Manquillo,Newcastle Utd,27,£ 35000 (€ 41740 $42533),£ 1820000 (€ 2170468 $2211703)
317,Jeff Hendrick,Newcastle Utd,29,£ 35000 (€ 41740 $42533),£ 1820000 (€ 2170468 $2211703)
318,Paul Dummett,Newcastle Utd,29,£ 35000 (€ 41740 $42533),£ 1820000 (€ 2170468 $2211703)
319,Ryan Fraser,Newcastle Utd,27,£ 35000 (€ 41740 $42533),£ 1820000 (€ 2170468 $2211703)
320,Kristoffer Ajer,Brentford,23,£ 35000 (€ 41740 $42533),£ 1820000 (€ 2170468 $2211703)
321,Marcus Bettinelli,Chelsea,29,£ 35000 (€ 41740 $42533),£ 1820000 (€ 2170468 $2211703)
322,Tariq Lamptey,Brighton,20,£ 35000 (€ 41740 $42533),£ 1820000 (€ 2170468 $2211703)
323,Ozan Tufan,Watford,26,£ 33077 (€ 39446 $40196),£ 1720000 (€ 2051211 $2090180)
324,Youri Tielemans,Leicester City,24,£ 33077 (€ 39446 $40196),£ 1720000 (€ 2051211 $2090180)
325,Ozan Kabak,Norwich City,21,£ 32885 (€ 39217 $39962),£ 1710000 (€ 2039286 $2078028)
326,Douglas Luiz,Aston Villa,23,£ 32692 (€ 38988 $39728),£ 1700000 (€ 2027360 $2065876)
327,Wout Weghorst,Burnley,28,£ 32692 (€ 38988 $39728),£ 1700000 (€ 2027360 $2065876)
328,Jordan Ayew,Crystal Palace,29,£ 32500 (€ 38758 $39495),£ 1690000 (€ 2015434 $2053724)
329,Marvelous Nakamba,Aston Villa,27,£ 32500 (€ 38758 $39495),£ 1690000 (€ 2015434 $2053724)
330,Vitaliy Mykolenko,Everton,22,£ 32115 (€ 38300 $39027),£ 1670000 (€ 1991583 $2029419)
331,Anwar El Ghazi,Aston Villa,26,£ 30962 (€ 36924 $37625),£ 1610000 (€ 1920029 $1956506)
332,Jack Clarke,Tottenham,20,£ 30769 (€ 36694 $37391),£ 1600000 (€ 1908104 $1944354)
333,Alexis Mac Allister,Brighton,22,£ 30769 (€ 36694 $37391),£ 1600000 (€ 1908104 $1944354)
334,Bukayo Saka,Arsenal,19,£ 30000 (€ 35777 $36457),£ 1560000 (€ 1860401 $1895745)
335,Folarin Balogun,Arsenal,20,£ 30000 (€ 35777 $36457),£ 1560000 (€ 1860401 $1895745)
336,Lee Grant,Manchester Utd,38,£ 30000 (€ 35777 $36457),£ 1560000 (€ 1860401 $1895745)
337,Christos Tzolis,Norwich City,19,£ 30000 (€ 35777 $36457),£ 1560000 (€ 1860401 $1895745)
338,Josh Sargent,Norwich City,21,£ 30000 (€ 35777 $36457),£ 1560000 (€ 1860401 $1895745)
339,Sam Byram,Norwich City,27,£ 30000 (€ 35777 $36457),£ 1560000 (€ 1860401 $1895745)
340,Ben Foster,Watford,38,£ 30000 (€ 35777 $36457),£ 1560000 (€ 1860401 $1895745)
341,Christian Kabasele,Watford,30,£ 30000 (€ 35777 $36457),£ 1560000 (€ 1860401 $1895745)
342,Oghenekaro Etebo,Watford,25,£ 30000 (€ 35777 $36457),£ 1560000 (€ 1860401 $1895745)
343,Che Adams,Southampton,25,£ 30000 (€ 35777 $36457),£ 1560000 (€ 1860401 $1895745)
344,Eberechi Eze,Crystal Palace,23,£ 30000 (€ 35777 $36457),£ 1560000 (€ 1860401 $1895745)
345,Jóhann Berg Guðmundsson,Burnley,30,£ 30000 (€ 35777 $36457),£ 1560000 (€ 1860401 $1895745)
346,Filip Benković,Leicester City,24,£ 30000 (€ 35777 $36457),£ 1560000 (€ 1860401 $1895745)
347,Frank Onyeka,Brentford,23,£ 30000 (€ 35777 $36457),£ 1560000 (€ 1860401 $1895745)
348,Enock Mwepu,Brighton,23,£ 30000 (€ 35777 $36457),£ 1560000 (€ 1860401 $1895745)
349,Solly March,Brighton,27,£ 30000 (€ 35777 $36457),£ 1560000 (€ 1860401 $1895745)
350,Amad Diallo,Manchester Utd,19,£ 28846 (€ 34401 $35054),£ 1500000 (€ 1788847 $1822832)
351,Nathan Ferguson,Crystal Palace,20,£ 28846 (€ 34401 $35054),£ 1500000 (€ 1788847 $1822832)
352,Tyrick Mitchell,Crystal Palace,21,£ 28846 (€ 34401 $35054),£ 1500000 (€ 1788847 $1822832)
353,Adam Masina,Watford,27,£ 27885 (€ 33254 $33886),£ 1450000 (€ 1729219 $1762071)
354,William Troost-Ekong,Watford,27,£ 27500 (€ 32796 $33419),£ 1430000 (€ 1705368 $1737766)
355,Nuno Tavares,Arsenal,21,£ 27000 (€ 32199 $32811),£ 1404000 (€ 1674361 $1706171)
356,Hassane Kamara,Watford,27,£ 26538 (€ 31649 $32250),£ 1380000 (€ 1645739 $1677005)
357,Diogo Dalot,Manchester Utd,22,£ 25000 (€ 29814 $30381),£ 1300000 (€ 1550334 $1579788)
358,Angus Gunn,Norwich City,25,£ 25000 (€ 29814 $30381),£ 1300000 (€ 1550334 $1579788)
359,Kenny McLean,Norwich City,29,£ 25000 (€ 29814 $30381),£ 1300000 (€ 1550334 $1579788)
360,Teemu Pukki,Norwich City,31,£ 25000 (€ 29814 $30381),£ 1300000 (€ 1550334 $1579788)
361,Tim Krul,Norwich City,33,£ 25000 (€ 29814 $30381),£ 1300000 (€ 1550334 $1579788)
362,Todd Cantwell,Norwich City,23,£ 25000 (€ 29814 $30381),£ 1300000 (€ 1550334 $1579788)
363,Emmanuel Dennis,Watford,23,£ 25000 (€ 29814 $30381),£ 1300000 (€ 1550334 $1579788)
364,Pierluigi Gollini,Tottenham,26,£ 25000 (€ 29814 $30381),£ 1300000 (€ 1550334 $1579788)
365,Martin Kelly,Crystal Palace,31,£ 25000 (€ 29814 $30381),£ 1300000 (€ 1550334 $1579788)
366,Loris Karius,Liverpool,28,£ 25000 (€ 29814 $30381),£ 1300000 (€ 1550334 $1579788)
367,Neco Williams,Liverpool,20,£ 25000 (€ 29814 $30381),£ 1300000 (€ 1550334 $1579788)
368,John McGinn,Aston Villa,26,£ 25000 (€ 29814 $30381),£ 1300000 (€ 1550334 $1579788)
369,Charlie Taylor,Burnley,27,£ 25000 (€ 29814 $30381),£ 1300000 (€ 1550334 $1579788)
370,Matthew Lowton,Burnley,32,£ 25000 (€ 29814 $30381),£ 1300000 (€ 1550334 $1579788)
371,Phil Bardsley,Burnley,36,£ 25000 (€ 29814 $30381),£ 1300000 (€ 1550334 $1579788)
372,Wayne Hennessey,Burnley,34,£ 25000 (€ 29814 $30381),£ 1300000 (€ 1550334 $1579788)
373,Jacob Murphy,Newcastle Utd,26,£ 25000 (€ 29814 $30381),£ 1300000 (€ 1550334 $1579788)
374,Karl Darlow,Newcastle Utd,30,£ 25000 (€ 29814 $30381),£ 1300000 (€ 1550334 $1579788)
375,Álvaro Fernández,Brentford,23,£ 25000 (€ 29814 $30381),£ 1300000 (€ 1550334 $1579788)
376,David Raya,Brentford,25,£ 25000 (€ 29814 $30381),£ 1300000 (€ 1550334 $1579788)
377,Pontus Jansson,Brentford,30,£ 25000 (€ 29814 $30381),£ 1300000 (€ 1550334 $1579788)
378,Yoane Wissa,Brentford,24,£ 25000 (€ 29814 $30381),£ 1300000 (€ 1550334 $1579788)
379,Kenedy,Chelsea,25,£ 25000 (€ 29814 $30381),£ 1300000 (€ 1550334 $1579788)
380,Yves Bissouma,Brighton,24,£ 25000 (€ 29814 $30381),£ 1300000 (€ 1550334 $1579788)
381,Mason Holgate,Everton,24,£ 25000 (€ 29814 $30381),£ 1300000 (€ 1550334 $1579788)
382,Tom Davies,Everton,23,£ 25000 (€ 29814 $30381),£ 1300000 (€ 1550334 $1579788)
383,Scott Carson,Manchester City,35,£ 25000 (€ 29814 $30381),£ 1300000 (€ 1550334 $1579788)
384,Mathias Normann,Norwich City,25,£ 24808 (€ 29585 $30147),£ 1290000 (€ 1538408 $1567635)
385,Nicolas Nkoulou,Watford,31,£ 24615 (€ 29355 $29913),£ 1280000 (€ 1526483 $1555483)
386,Hwang Hee-chan,Wolves,25,£ 24615 (€ 29355 $29913),£ 1280000 (€ 1526483 $1555483)
387,Craig Cathcart,Watford,32,£ 23462 (€ 27979 $28511),£ 1220000 (€ 1454929 $1482570)
388,Christian Eriksen,Brentford,29,£ 23462 (€ 27979 $28511),£ 1220000 (€ 1454929 $1482570)
389,Mohammed Salisu,Southampton,22,£ 23077 (€ 27521 $28044),£ 1200000 (€ 1431078 $1458265)
390,Japhet Tanganga,Tottenham,22,£ 23077 (€ 27521 $28044),£ 1200000 (€ 1431078 $1458265)
391,Kevin Long,Burnley,30,£ 23077 (€ 27521 $28044),£ 1200000 (€ 1431078 $1458265)
392,Eldin Jakupović,Leicester City,36,£ 23077 (€ 27521 $28044),£ 1200000 (€ 1431078 $1458265)
393,Aaron Connolly,Brighton,21,£ 23077 (€ 27521 $28044),£ 1200000 (€ 1431078 $1458265)
394,Lukas Rupp,Norwich City,30,£ 22500 (€ 26833 $27342),£ 1170000 (€ 1395301 $1421809)
395,Max Aarons,Norwich City,21,£ 22500 (€ 26833 $27342),£ 1170000 (€ 1395301 $1421809)
396,Kiko Femenía,Watford,30,£ 22500 (€ 26833 $27342),£ 1170000 (€ 1395301 $1421809)
397,Diego Llorente,Leeds United,27,£ 22000 (€ 26236 $26735),£ 1144000 (€ 1364294 $1390213)
398,Illan Meslier,Leeds United,21,£ 22000 (€ 26236 $26735),£ 1144000 (€ 1364294 $1390213)
399,Romain Saïss,Wolves,31,£ 21923 (€ 26145 $26641),£ 1140000 (€ 1359524 $1385352)
400,Isaac Hayden,Newcastle Utd,26,£ 21923 (€ 26145 $26641),£ 1140000 (€ 1359524 $1385352)
401,Harry Lewis,Southampton,23,£ 21154 (€ 25227 $25707),£ 1100000 (€ 1311821 $1336743)
402,Ivan Toney,Brentford,25,£ 21154 (€ 25227 $25707),£ 1100000 (€ 1311821 $1336743)
403,Daniel Amartey,Leicester City,26,£ 20962 (€ 24998 $25473),£ 1090000 (€ 1299896 $1324591)
404,Alex Král,West Ham,23,£ 20769 (€ 24769 $25239),£ 1080000 (€ 1287970 $1312439)
405,Emile Smith Rowe,Arsenal,21,£ 20000 (€ 23851 $24304),£ 1040000 (€ 1240267 $1263830)
406,Tahith Chong,Manchester Utd,22,£ 20000 (€ 23851 $24304),£ 1040000 (€ 1240267 $1263830)
407,Grant Hanley,Norwich City,29,£ 20000 (€ 23851 $24304),£ 1040000 (€ 1240267 $1263830)
408,Jan Bednarek,Southampton,25,£ 20000 (€ 23851 $24304),£ 1040000 (€ 1240267 $1263830)
409,Kyle Walker-Peters,Southampton,24,£ 20000 (€ 23851 $24304),£ 1040000 (€ 1240267 $1263830)
410,Adam Forshaw,Leeds United,29,£ 20000 (€ 23851 $24304),£ 1040000 (€ 1240267 $1263830)
411,Saïd Benrahma,West Ham,25,£ 20000 (€ 23851 $24304),£ 1040000 (€ 1240267 $1263830)
412,Aaron Lennon,Burnley,34,£ 20000 (€ 23851 $24304),£ 1040000 (€ 1240267 $1263830)
413,Danny Ward,Leicester City,28,£ 20000 (€ 23851 $24304),£ 1040000 (€ 1240267 $1263830)
414,Kiernan Dewsbury-Hall,Leicester City,22,£ 20000 (€ 23851 $24304),£ 1040000 (€ 1240267 $1263830)
415,Joe Willock,Newcastle Utd,21,£ 20000 (€ 23851 $24304),£ 1040000 (€ 1240267 $1263830)
416,Bryan Mbeumo,Brentford,21,£ 20000 (€ 23851 $24304),£ 1040000 (€ 1240267 $1263830)
417,Christian Nørgaard,Brentford,27,£ 20000 (€ 23851 $24304),£ 1040000 (€ 1240267 $1263830)
418,Mathias Jensen,Brentford,25,£ 20000 (€ 23851 $24304),£ 1040000 (€ 1240267 $1263830)
419,Mathias Jørgensen,Brentford,31,£ 20000 (€ 23851 $24304),£ 1040000 (€ 1240267 $1263830)
420,Kjell Scherpen,Brighton,21,£ 20000 (€ 23851 $24304),£ 1040000 (€ 1240267 $1263830)
421,Dominic Calvert-Lewin,Everton,24,£ 20000 (€ 23851 $24304),£ 1040000 (€ 1240267 $1263830)
422,Oleksandr Zinchenko,Manchester City,24,£ 20000 (€ 23851 $24304),£ 1040000 (€ 1240267 $1263830)
423,Christoph Zimmermann,Norwich City,28,£ 19423 (€ 23163 $23603),£ 1010000 (€ 1204490 $1227373)
424,Ben Johnson,West Ham,21,£ 19231 (€ 22934 $23370),£ 1000000 (€ 1192565 $1215221)
425,Robin Olsen,Aston Villa,31,£ 19231 (€ 22934 $23370),£ 1000000 (€ 1192565 $1215221)
426,Wesley Fofana,Leicester City,20,£ 19231 (€ 22934 $23370),£ 1000000 (€ 1192565 $1215221)
427,Dan Burn,Newcastle Utd,29,£ 19231 (€ 22934 $23370),£ 1000000 (€ 1192565 $1215221)
428,Chiquinho,Wolves,21,£ 18269 (€ 21787 $22201),£ 950000 (€ 1132936 $1154460)
429,Andrew Omobamidele,Norwich City,19,£ 18077 (€ 21558 $21967),£ 940000 (€ 1121011 $1142308)
430,Josh Dasilva,Brentford,22,£ 18077 (€ 21558 $21967),£ 940000 (€ 1121011 $1142308)
431,Marc Navarro,Watford,26,£ 17500 (€ 20870 $21266),£ 910000 (€ 1085234 $1105851)
432,William Smallbone,Southampton,21,£ 17308 (€ 20641 $21033),£ 900000 (€ 1073308 $1093699)
433,Willy Caballero,Southampton,39,£ 17115 (€ 20411 $20799),£ 890000 (€ 1061383 $1081547)
434,Michael McGovern,Norwich City,37,£ 16923 (€ 20182 $20565),£ 880000 (€ 1049457 $1069395)
435,Cucho,Watford,22,£ 16731 (€ 19953 $20332),£ 870000 (€ 1037531 $1057242)
436,Joe Gelhardt,Leeds United,19,£ 16538 (€ 19723 $20098),£ 860000 (€ 1025606 $1045090)
437,Conor Coady,Wolves,28,£ 16538 (€ 19723 $20098),£ 860000 (€ 1025606 $1045090)
438,Rob Elliot,Watford,35,£ 16346 (€ 19494 $19864),£ 850000 (€ 1013680 $1032938)
439,Jason Steele,Brighton,30,£ 15962 (€ 19035 $19397),£ 830000 (€ 989829 $1008634)
440,Nathan Patterson,Everton,19,£ 15577 (€ 18576 $18929),£ 810000 (€ 965977 $984329)
441,Ashley Fletcher,Watford,25,£ 15000 (€ 17888 $18228),£ 780000 (€ 930200 $947873)
442,Ken Sema,Watford,27,£ 15000 (€ 17888 $18228),£ 780000 (€ 930200 $947873)
443,Oliver Skipp,Tottenham,20,£ 15000 (€ 17888 $18228),£ 780000 (€ 930200 $947873)
444,Conor Gallagher,Crystal Palace,21,£ 15000 (€ 17888 $18228),£ 780000 (€ 930200 $947873)
445,Jack Harrison,Leeds United,24,£ 15000 (€ 17888 $18228),£ 780000 (€ 930200 $947873)
446,Kristoffer Klaesson,Leeds United,20,£ 15000 (€ 17888 $18228),£ 780000 (€ 930200 $947873)
447,Harvey Elliott,Liverpool,18,£ 15000 (€ 17888 $18228),£ 780000 (€ 930200 $947873)
448,Bruno Jordão,Wolves,22,£ 15000 (€ 17888 $18228),£ 780000 (€ 930200 $947873)
449,Max Kilman,Wolves,24,£ 15000 (€ 17888 $18228),£ 780000 (€ 930200 $947873)
450,Nathan Collins,Burnley,20,£ 15000 (€ 17888 $18228),£ 780000 (€ 930200 $947873)
451,Freddie Woodman,Newcastle Utd,24,£ 15000 (€ 17888 $18228),£ 780000 (€ 930200 $947873)
452,Ethan Pinnock,Brentford,28,£ 15000 (€ 17888 $18228),£ 780000 (€ 930200 $947873)
453,Joel Valencia,Brentford,26,£ 15000 (€ 17888 $18228),£ 780000 (€ 930200 $947873)
454,Saman Ghoddos,Brentford,27,£ 15000 (€ 17888 $18228),£ 780000 (€ 930200 $947873)
455,Sergi Canós,Brentford,24,£ 15000 (€ 17888 $18228),£ 780000 (€ 930200 $947873)
456,Steven Alzate,Brighton,22,£ 15000 (€ 17888 $18228),£ 780000 (€ 930200 $947873)
457,Taylor Richards,Brighton,20,£ 15000 (€ 17888 $18228),£ 780000 (€ 930200 $947873)
458,Jarrad Branthwaite,Everton,19,£ 15000 (€ 17888 $18228),£ 780000 (€ 930200 $947873)
459,Jonjoe Kenny,Everton,24,£ 15000 (€ 17888 $18228),£ 780000 (€ 930200 $947873)
460,Edo Kayembe,Watford,23,£ 14808 (€ 17659 $17995),£ 770000 (€ 918275 $935720)
461,Samuel Kalu,Watford,23,£ 14038 (€ 16742 $17060),£ 730000 (€ 870572 $887111)
462,Cole Palmer,Manchester City,19,£ 13462 (€ 16054 $16359),£ 700000 (€ 834795 $850655)
463,Kayky,Manchester City,18,£ 13462 (€ 16054 $16359),£ 700000 (€ 834795 $850655)
464,João Pedro,Watford,19,£ 12500 (€ 14907 $15190),£ 650000 (€ 775167 $789894)
465,Nathan Tella,Southampton,22,£ 12500 (€ 14907 $15190),£ 650000 (€ 775167 $789894)
466,Matija Šarkić,Wolves,24,£ 12500 (€ 14907 $15190),£ 650000 (€ 775167 $789894)
467,Julian Jeanvier,Brentford,29,£ 12500 (€ 14907 $15190),£ 650000 (€ 775167 $789894)
468,Rico Henry,Brentford,24,£ 11923 (€ 14219 $14489),£ 620000 (€ 739390 $753437)
469,Shandon Baptiste,Brentford,23,£ 11923 (€ 14219 $14489),£ 620000 (€ 739390 $753437)
470,Trevoh Chalobah,Chelsea,22,£ 11923 (€ 14219 $14489),£ 620000 (€ 739390 $753437)
471,Phil Foden,Manchester City,21,£ 11923 (€ 14219 $14489),£ 620000 (€ 739390 $753437)
472,Samir Santos,Watford,26,£ 11731 (€ 13990 $14255),£ 610000 (€ 727464 $741285)
473,Luke Cundle,Wolves,19,£ 11538 (€ 13760 $14022),£ 600000 (€ 715539 $729133)
474,Luke Thomas,Leicester City,20,£ 11538 (€ 13760 $14022),£ 600000 (€ 715539 $729133)
475,Mark Gillespie,Newcastle Utd,29,£ 11538 (€ 13760 $14022),£ 600000 (€ 715539 $729133)
476,Jakob Sørensen,Norwich City,23,£ 10000 (€ 11926 $12152),£ 520000 (€ 620134 $631915)
477,Valentino Livramento,Southampton,18,£ 10000 (€ 11926 $12152),£ 520000 (€ 620134 $631915)
478,Jarosław Jach,Crystal Palace,27,£ 10000 (€ 11926 $12152),£ 520000 (€ 620134 $631915)
479,Rhys Williams,Liverpool,20,£ 10000 (€ 11926 $12152),£ 520000 (€ 620134 $631915)
480,Yerson Mosquera,Wolves,20,£ 10000 (€ 11926 $12152),£ 520000 (€ 620134 $631915)
481,Harvey Barnes,Leicester City,23,£ 10000 (€ 11926 $12152),£ 520000 (€ 620134 $631915)
482,Mads Bidstrup,Brentford,20,£ 10000 (€ 11926 $12152),£ 520000 (€ 620134 $631915)
483,Vitaly Janelt,Brentford,23,£ 10000 (€ 11926 $12152),£ 520000 (€ 620134 $631915)
484,Jakub Moder,Brighton,22,£ 10000 (€ 11926 $12152),£ 520000 (€ 620134 $631915)
485,Robert Sánchez,Brighton,23,£ 10000 (€ 11926 $12152),£ 520000 (€ 620134 $631915)
486,Anthony Gordon,Everton,20,£ 10000 (€ 11926 $12152),£ 520000 (€ 620134 $631915)
487,Joe Rodon,Tottenham,23,£ 9615 (€ 11467 $11685),£ 500000 (€ 596282 $607611)
488,Francisco Sierralta,Watford,24,£ 9423 (€ 11238 $11451),£ 490000 (€ 584357 $595458)
489,Anthony Elanga,Manchester Utd,19,£ 9038 (€ 10779 $10984),£ 470000 (€ 560505 $571154)
490,Tudor Băluță,Brighton,22,£ 9038 (€ 10779 $10984),£ 470000 (€ 560505 $571154)
491,James Justin,Leicester City,23,£ 8269 (€ 9862 $10049),£ 430000 (€ 512803 $522545)
492,Sam McQueen,Southampton,26,£ 8077 (€ 9632 $9815),£ 420000 (€ 500877 $510393)
493,Jed Steer,Aston Villa,28,£ 8077 (€ 9632 $9815),£ 420000 (€ 500877 $510393)
494,Kortney Hause,Aston Villa,26,£ 8077 (€ 9632 $9815),£ 420000 (€ 500877 $510393)
495,Luke Ayling,Leeds United,29,£ 8000 (€ 9541 $9722),£ 416000 (€ 496107 $505532)
496,Stuart Dallas,Leeds United,30,£ 8000 (€ 9541 $9722),£ 416000 (€ 496107 $505532)
497,David Martin,West Ham,36,£ 8000 (€ 9541 $9722),£ 416000 (€ 496107 $505532)
498,Ezri Konsa,Aston Villa,23,£ 8000 (€ 9541 $9722),£ 416000 (€ 496107 $505532)
499,Mateusz Klich,Leeds United,31,£ 7750 (€ 9242 $9418),£ 403000 (€ 480604 $489734)
500,Dimitris Giannoulis,Norwich City,25,£ 7500 (€ 8944 $9114),£ 390000 (€ 465100 $473936)
501,Kieran Dowell,Norwich City,23,£ 7500 (€ 8944 $9114),£ 390000 (€ 465100 $473936)
502,Armando Broja,Southampton,19,£ 7500 (€ 8944 $9114),£ 390000 (€ 465100 $473936)
503,Crysencio Summerville,Leeds United,19,£ 7500 (€ 8944 $9114),£ 390000 (€ 465100 $473936)
504,Curtis Jones,Liverpool,20,£ 7500 (€ 8944 $9114),£ 390000 (€ 465100 $473936)
505,Jacob Ramsey,Aston Villa,20,£ 7500 (€ 8944 $9114),£ 390000 (€ 465100 $473936)
506,Hamza Choudhury,Leicester City,23,£ 7500 (€ 8944 $9114),£ 390000 (€ 465100 $473936)
507,Charlie Goode,Brentford,25,£ 7500 (€ 8944 $9114),£ 390000 (€ 465100 $473936)
508,Pascal Struijk,Leeds United,21,£ 7115 (€ 8486 $8647),£ 370000 (€ 441249 $449632)
509,Liam Cooper,Leeds United,29,£ 6500 (€ 7752 $7899),£ 338000 (€ 403087 $410745)
510,Przemysław Płacheta,Norwich City,23,£ 6154 (€ 7339 $7478),£ 320000 (€ 381621 $388871)
511,Caoimhín Kelleher,Liverpool,22,£ 5962 (€ 7110 $7245),£ 310000 (€ 369695 $376719)
512,John Ruddy,Wolves,34,£ 5769 (€ 6880 $7011),£ 300000 (€ 357769 $364566)
513,Will Norris,Burnley,27,£ 5769 (€ 6880 $7011),£ 300000 (€ 357769 $364566)
514,Finley Stevens,Brentford,18,£ 5385 (€ 6422 $6544),£ 280000 (€ 333918 $340262)
515,Adam Idah,Norwich City,20,£ 5000 (€ 5963 $6076),£ 260000 (€ 310067 $315958)
516,Rocky Bushiri,Norwich City,21,£ 5000 (€ 5963 $6076),£ 260000 (€ 310067 $315958)
517,Remi Matthews,Crystal Palace,27,£ 5000 (€ 5963 $6076),£ 260000 (€ 310067 $315958)
518,Charlie Cresswell,Leeds United,18,£ 5000 (€ 5963 $6076),£ 260000 (€ 310067 $315958)
519,Dwight McNeil,Burnley,21,£ 5000 (€ 5963 $6076),£ 260000 (€ 310067 $315958)
520,Luka Racic,Brentford,22,£ 5000 (€ 5963 $6076),£ 260000 (€ 310067 $315958)
521,Mads Roerslev,Brentford,22,£ 5000 (€ 5963 $6076),£ 260000 (€ 310067 $315958)
522,Marcus Forss,Brentford,22,£ 5000 (€ 5963 $6076),£ 260000 (€ 310067 $315958)
523,Myles Peart-Harris,Brentford,18,£ 5000 (€ 5963 $6076),£ 260000 (€ 310067 $315958)
524,Tariqe Fosu,Brentford,25,£ 5000 (€ 5963 $6076),£ 260000 (€ 310067 $315958)
525,Andy Lonergan,Everton,37,£ 5000 (€ 5963 $6076),£ 260000 (€ 310067 $315958)
526,Billy Arce,Brighton,23,£ 4808 (€ 5733 $5842),£ 250000 (€ 298141 $303805)
527,Kalvin Phillips,Leeds United,25,£ 4500 (€ 5367 $5469),£ 234000 (€ 279060 $284362)
528,Rayan Aït Nouri,Wolves,20,£ 4500 (€ 5367 $5469),£ 234000 (€ 279060 $284362)
529,Mads Bech Sørensen,Brentford,22,£ 4038 (€ 4816 $4908),£ 210000 (€ 250439 $255196)
530,Haydon Roberts,Brighton,19,£ 4038 (€ 4816 $4908),£ 210000 (€ 250439 $255196)
531,Tyler Roberts,Leeds United,22,£ 3500 (€ 4174 $4253),£ 182000 (€ 217047 $221170)
532,Dominic Thompson,Brentford,21,£ 3462 (€ 4128 $4207),£ 180000 (€ 214662 $218740)
533,Moisés Caicedo,Brighton,19,£ 3462 (€ 4128 $4207),£ 180000 (€ 214662 $218740)
534,Daniel Bachmann,Watford,27,£ 3269 (€ 3899 $3973),£ 170000 (€ 202736 $206588)
535,Ellery Balcombe,Brentford,22,£ 3269 (€ 3899 $3973),£ 170000 (€ 202736 $206588)
536,Declan Rice,West Ham,22,£ 3077 (€ 3669 $3739),£ 160000 (€ 190810 $194435)
537,Jan Žambůrek,Brentford,20,£ 3077 (€ 3669 $3739),£ 160000 (€ 190810 $194435)
538,Toti Gomes,Wolves,22,£ 2692 (€ 3211 $3272),£ 140000 (€ 166959 $170131)
539,Jeremy Ngakia,Watford,20,£ 2500 (€ 2981 $3038),£ 130000 (€ 155033 $157979)
540,Bali Mumba,Norwich City,19,£ 2308 (€ 2752 $2804),£ 120000 (€ 143108 $145827)
541,Santiago Muñóz,Newcastle Utd,19,£ 2308 (€ 2752 $2804),£ 120000 (€ 143108 $145827)
542,Kwadwo Baah,Watford,18,£ 1923 (€ 2293 $2337),£ 100000 (€ 119256 $121522)
543,Yaser Asprilla,Watford,18,£ 1923 (€ 2293 $2337),£ 100000 (€ 119256 $121522)
544,Yan Valery,Southampton,22,£ 1923 (€ 2293 $2337),£ 100000 (€ 119256 $121522)
545,Jonas Lössl,Brentford,32,£ 1731 (€ 2064 $2103),£ 90000 (€ 107331 $109370)
546,Arthur Okonkwo,Arsenal,19,£ 1538 (€ 1835 $1870),£ 80000 (€ 95405 $97218)
547,Brandon Austin,Tottenham,22,£ 1538 (€ 1835 $1870),£ 80000 (€ 95405 $97218)
548,Carney Chukwuemeka,Aston Villa,17,£ 1538 (€ 1835 $1870),£ 80000 (€ 95405 $97218)
549,Jamie Shackleton,Leeds United,21,£ 1500 (€ 1789 $1823),£ 78000 (€ 93020 $94787)
550,Sam Greenwood,Leeds United,19,£ 1346 (€ 1605 $1636),£ 70000 (€ 83480 $85065)
551,Sean Longstaff,Newcastle Utd,23,£ 962 (€ 1147 $1168),£ 50000 (€ 59628 $60761)
552,Flynn Clarke,Norwich City,18,£ 769 (€ 917 $935),£ 40000 (€ 47703 $48609)
553,Liam McCarron,Leeds United,20,£ 769 (€ 917 $935),£ 40000 (€ 47703 $48609)
554,Thierry Small,Southampton,16,£ 385 (€ 459 $467),£ 20000 (€ 23851 $24304)
